config,rep,seconds,cycles,instructions,ipc,branches,branch_misses
O0,1,0.069602956,373484989,2055662357,5.504003,453238132,661271
O0,2,0.074150703,393026457,2054879720,5.228350,453076866,671558
O0,3,0.069492947,366684033,2058602083,5.614103,453784315,670521
O0,4,0.071929458,380619210,2059466005,5.410830,453892381,666060
O0,5,0.069663525,369036766,2055755048,5.570597,453218122,671828
O0,6,0.071962798,382479926,2056248481,5.376095,453357014,662575
O0,7,0.07371238,385713864,2058083732,5.335778,453739685,671191
O0,8,0.075878537,388909332,2055722170,5.285865,453241496,668881
O0,9,0.075247767,395292662,2060016441,5.211370,454035069,675098
O0,10,0.108496995,565669689,2055464998,3.633684,453186906,676904
O0,11,0.068460326,361393994,2054739298,5.685593,453060303,671496
O0,12,0.070602511,374414166,2054702520,5.487780,453050852,674813
O0,13,0.066393848,354466285,2055041564,5.797566,453119694,660121
O0,14,0.073447035,390071704,2054760393,5.267648,453050637,666443
O0,15,0.073044852,385281050,2057179477,5.339426,453508368,669008
O0,16,0.070910496,376117900,2057055093,5.469176,453513376,676570
O0,17,0.069205713,369285982,2056239593,5.568150,453314531,666263
O0,18,0.072021739,376609904,2055435096,5.457730,453179387,672005
O0,19,0.07010662,373008659,2055095446,5.509511,453107105,666723
O0,20,0.069415781,368398929,2054805247,5.577663,453055182,664815
O0,21,0.072948785,390893096,2056486765,5.260995,453373820,663104
O0,22,0.069698107,375049113,2061654572,5.497026,454369762,669321
O0,23,0.069634817,368834594,2054730130,5.570872,453067425,670614
O0,24,0.071328171,379303706,2055186475,5.418314,453141444,674989
O0,25,0.068012723,360261905,2054910250,5.703934,453101023,659210
O0,26,0.069893753,369862895,2054770791,5.555493,453075672,666031
O0,27,0.070476854,372302090,2054792943,5.519155,453077957,660649
O0,28,0.069850005,373170126,2054981743,5.506823,453109296,662847
O0,29,0.07010816,371708752,2054840636,5.528093,453088101,669988
O0,30,0.071788744,379322534,2055477081,5.418811,453196695,677985
O0,31,0.068187022,365866676,2054678845,5.615922,453048537,671394
O0,32,0.066369211,355821697,2054772110,5.774724,453066005,658031
O0,33,0.069020028,365655554,2054910622,5.619799,453089969,674529
O0,34,0.069122997,366624468,2055802424,5.607379,453257112,662248
O0,35,0.067193808,360663084,2055234932,5.698490,453139752,666594
O0,36,0.06832766,362719413,2055975746,5.668226,453281941,664605
O0,37,0.075378797,399117860,2060938735,5.163735,454080790,675544
O0,38,0.068540166,360950224,2056307562,5.696928,453324961,673078
O0,39,0.069907924,370729584,2055816110,5.545325,453270785,665442
O0,40,0.069414332,368163537,2055527866,5.583192,453214947,679033
O0,41,0.071595547,372674632,2054724766,5.513455,453060610,673136
O0,42,0.072066831,383272666,2055669404,5.363465,453247015,672598
O0,43,0.0701905,373246863,2056494414,5.509743,453370085,664647
O0,44,0.068915951,366871856,2055406425,5.602519,453172024,662299
O0,45,0.073294921,385350628,2055327936,5.333657,453188681,671388
O0,46,0.072816978,389311125,2056465097,5.282318,453395795,667227
O0,47,0.069697448,370736147,2056291089,5.546508,453353412,668591
O0,48,0.068746813,368887132,2058195888,5.579473,453635393,668497
O0,49,0.068145813,363099132,2055189674,5.660134,453152102,665768
O0,50,0.072694781,384315255,2055015787,5.347214,453110296,668681
O0,51,0.074680029,381839238,2055028321,5.381920,453122437,676293
O0,52,0.068830132,362270934,2055293211,5.673359,453164777,662759
O0,53,0.074667929,385142327,2056711696,5.340134,453406429,678862
O0,54,0.07094741,367848698,2056510430,5.590642,453355455,675717
O0,55,0.072355377,374346848,2058208951,5.498134,453729731,679279
O0,56,0.073101126,379223834,2055515785,5.420323,453217409,675271
O0,57,0.075818832,399285681,2055217169,5.147235,453159705,666580
O0,58,0.06780669,362181976,2054787406,5.673356,453071388,668961
O0,59,0.072048612,379092313,2055850368,5.423086,453292899,672383
O0,60,0.073321741,379415590,2059919432,5.429190,454019042,673411
O0,61,0.073490349,380173960,2056103415,5.408323,453306014,674569
O0,62,0.07277473,385898878,2056216472,5.328382,453353296,668433
O0,63,0.067432865,357352001,2055667331,5.752500,453234271,663909
O0,64,0.07279633,381194529,2056593783,5.395129,453351682,663715
O0,65,0.068873233,359317022,2055151957,5.719606,453138231,664963
O0,66,0.097091234,517398236,2058328538,3.978229,453668943,666767
O0,67,0.076049149,401981123,2057003504,5.117164,453431418,668980
O0,68,0.072158432,379564965,2055975457,5.416663,453306492,664119
O0,69,0.074861148,392750667,2056017225,5.234917,453275778,674122
O0,70,0.066097468,349404321,2055858545,5.883896,453244476,662590
O0,71,0.135311236,627109454,2056902312,3.279973,453432231,686058
O0,72,0.091642722,431779204,2055249509,4.759955,453143999,671405
O0,73,0.076181277,395624899,2055808389,5.196357,453255373,677761
O0,74,0.123547744,652942141,2056262310,3.149226,453343767,675118
O0,75,0.069414956,373487056,2055702423,5.504079,453246630,674732
O0,76,0.069625583,366671475,2054758730,5.603814,453066999,663832
O0,77,0.068797426,367096063,2054739692,5.597281,453064469,673336
O0,78,0.072784892,373084690,2055697765,5.510003,453258421,661589
O0,79,0.071098009,362302290,2055762130,5.674163,453250831,666435
O0,80,0.069552954,365032953,2055736638,5.631647,453252366,669503
O0,81,0.069890419,369405456,2054727006,5.562254,453057359,668803
O0,82,0.070871222,376221289,2054757431,5.461566,453073847,676510
O0,83,0.070994681,376350536,2054677259,5.459477,453038584,665893
O0,84,0.073444222,389593012,2055501913,5.276024,453175748,672816
O0,85,0.067020284,357314824,2054776841,5.750606,453071194,658745
O0,86,0.066349466,351263886,2054680191,5.849392,453054945,662563
O0,87,0.0686096,366008955,2055018396,5.614667,453123376,660327
O0,88,0.068072988,362765996,2054772228,5.664181,453070923,658955
O0,89,0.067922401,361787489,2054846069,5.679705,453085307,671062
O0,90,0.067689064,356692716,2054770970,5.760619,453062241,671118
O0,91,0.06859243,365439689,2054804891,5.622829,453075988,669845
O0,92,0.068166767,363912280,2055003609,5.646975,453118365,666465
O0,93,0.070014528,370898836,2055170491,5.541054,453148311,674009
O0,94,0.074329129,390587618,2054880307,5.260997,453097512,691626
O0,95,0.07425893,395185840,2054859923,5.199731,453083828,668881
O0,96,0.080385422,413495935,2056987760,4.974626,453505004,668640
O0,97,0.077766384,402206693,2058148211,5.117141,453645891,670969
O0,98,0.070973203,369506720,2054830625,5.561010,453077085,663390
O0,99,0.07621668,388349232,2055524934,5.292981,453198470,665697
O0,100,0.069395369,361475618,2054761654,5.684371,453059405,670850
O1,1,0.06742641,357743624,1993634357,5.572802,450029059,660086
O1,2,0.076557765,399232066,1993170413,4.992511,449965282,662935
O1,3,0.064974289,345962916,1992783682,5.760108,449895420,656880
O1,4,0.066736261,353948376,1993086744,5.631010,449938998,659457
O1,5,0.067841583,354052411,1992754038,5.628415,449880606,660800
O1,6,0.065978113,351004126,1992790837,5.677400,449901805,659369
O1,7,0.065748447,350337200,1993565578,5.690419,450025720,656898
O1,8,0.072723105,384195119,1994027747,5.190143,450097942,665774
O1,9,0.068612621,360345052,1993949566,5.533445,450087604,664363
O1,10,0.076405898,399870926,1994014670,4.986646,450140785,662871
O1,11,0.069077924,359357207,1992845362,5.545583,449910775,661076
O1,12,0.066723032,355074641,1994279931,5.616509,450129862,664743
O1,13,0.064451747,345375977,1992755678,5.769816,449886047,654957
O1,14,0.06621525,355290526,1992903085,5.609221,449912305,659129
O1,15,0.063731879,338790664,1993827718,5.885132,450110386,657260
O1,16,0.063113149,335999083,1993018514,5.931619,449958333,656878
O1,17,0.065591029,348647860,1993472860,5.717726,450022232,662552
O1,18,0.068416295,363140921,1993791630,5.490407,450081958,662282
O1,19,0.066553675,351832864,1994013164,5.667501,450104051,656390
O1,20,0.065210015,346467744,1993009807,5.752368,449950676,659139
O1,21,0.064597645,340654889,1994068836,5.853633,450113938,657320
O1,22,0.063203629,339158661,1992915522,5.876057,449931204,659260
O1,23,0.064899361,343813141,1992861668,5.796351,449925749,656793
O1,24,0.065099799,345910722,1993788437,5.763882,450101519,654481
O1,25,0.066011044,350232795,1992947302,5.690350,449944238,656594
O1,26,0.065307515,347141313,1992836553,5.740707,449915035,661981
O1,27,0.064434649,341902280,1992924299,5.828930,449940083,661940
O1,28,0.065765178,349151613,1992778959,5.707489,449885351,652532
O1,29,0.063316117,338703088,1993519969,5.885745,450007909,659429
O1,30,0.064011826,342574581,1993476821,5.819103,450010301,661857
O1,31,0.06500358,348000033,1993493393,5.728429,450020258,657462
O1,32,0.069983951,373991496,1992916395,5.328775,449931097,656732
O1,33,0.065773297,350521569,1993216101,5.686429,449985273,655800
O1,34,0.06436199,343755905,1993820535,5.800106,450062974,660026
O1,35,0.064883683,347735930,1993125934,5.731723,449962507,656931
O1,36,0.064820254,345501337,1993015237,5.768473,449944677,656211
O1,37,0.063920129,340592324,1993600713,5.853334,450058355,657369
O1,38,0.064268972,341998049,1992974702,5.827445,449943376,657840
O1,39,0.065361786,350149775,1992885260,5.691522,449925077,655832
O1,40,0.068716483,368440433,1992931560,5.409101,449934078,656023
O1,41,0.065968186,354313986,1992972342,5.624876,449941385,655997
O1,42,0.070357586,377766039,1992896459,5.275478,449926523,656837
O1,43,0.064718056,346594328,1992942366,5.750072,449929250,659451
O1,44,0.064820584,345588962,1992802290,5.766395,449901139,657680
O1,45,0.064849203,345282497,1992970762,5.772001,449939055,657902
O1,46,0.062426532,332179156,1992785100,5.999127,449898589,652626
O1,47,0.063867579,340598908,1992912688,5.851201,449923422,656661
O1,48,0.062988934,335370900,1992878879,5.942313,449915182,653782
O1,49,0.065487394,347877552,1993055086,5.729186,449960277,658410
O1,50,0.063402358,338517188,1992939627,5.887263,449928743,659182
O1,51,0.064571238,343817786,1993997730,5.799577,450087199,658842
O1,52,0.064477281,343664252,1992846482,5.798818,449918048,657983
O1,53,0.062399293,332111838,1992847543,6.000531,449914969,652612
O1,54,0.063993138,339714382,1993902522,5.869350,450091247,657068
O1,55,0.063287919,337362037,1992862118,5.907191,449928622,658100
O1,56,0.064891493,345391563,1992843960,5.769811,449924759,656300
O1,57,0.064333462,341199133,1992947126,5.841009,449946564,657552
O1,58,0.065500564,349746222,1992976806,5.698351,449938242,653882
O1,59,0.063475886,339107359,1992882705,5.876849,449927055,658154
O1,60,0.064746296,344164011,1992988799,5.790811,449952830,656226
O1,61,0.065643243,349131751,1993147224,5.708868,449984156,656485
O1,62,0.064400702,343600848,1992929678,5.800130,449922474,651425
O1,63,0.065221489,347251875,1993204271,5.739938,449984288,656149
O1,64,0.063688004,338467203,1992903157,5.888024,449930440,654651
O1,65,0.06391446,340092834,1992973337,5.860086,449953641,654274
O1,66,0.062979945,336114111,1992845077,5.929073,449909509,654281
O1,67,0.062251336,331243661,1992860892,6.016299,449923991,651317
O1,68,0.065310738,349343008,1993785080,5.707242,450077896,654623
O1,69,0.062622831,336946218,1992900495,5.914595,449913750,657455
O1,70,0.063140132,338119688,1993863862,5.896917,450088489,658293
O1,71,0.064266824,343612480,1992772721,5.799477,449895845,654889
O1,72,0.064955643,349278380,1992756912,5.705354,449886831,657393
O1,73,0.067644532,358308550,1994576849,5.566646,450198827,663257
O1,74,0.067272478,358149377,1993034551,5.564814,449950998,656731
O1,75,0.06652381,355117613,1993637781,5.614021,450048353,662427
O1,76,0.063667605,338574858,1992872824,5.886063,449924295,654735
O1,77,0.065094042,346364866,1993056558,5.754211,449958091,653188
O1,78,0.063442998,337258883,1992735379,5.908622,449877967,650603
O1,79,0.064038949,340405455,1992958876,5.854662,449942124,653500
O1,80,0.064995603,345961298,1992914146,5.760512,449911749,653410
O1,81,0.06653769,353959362,1993015069,5.630632,449949874,653991
O1,82,0.062962956,335950383,1993654932,5.934373,450050018,656157
O1,83,0.064947195,345412336,1993683525,5.771894,450056392,656072
O1,84,0.063409549,339843276,1993224318,5.865128,449985584,656624
O1,85,0.063698234,339998771,1993555748,5.863420,450026565,655319
O1,86,0.064860928,345988399,1993894427,5.762894,450076623,658185
O1,87,0.064147759,339413472,1992964231,5.871789,449939949,657957
O1,88,0.065126652,345176077,1992893506,5.773556,449927709,652706
O1,89,0.064986595,345664462,1993856658,5.768185,450065186,656057
O1,90,0.065802483,350094422,1992991096,5.692725,449945752,652703
O1,91,0.066806286,357048006,1994832061,5.587014,450260668,660298
O1,92,0.062900998,334950214,1992933571,5.949940,449936741,655429
O1,93,0.064167427,340022923,1992961657,5.861257,449941644,657160
O1,94,0.06401763,341363050,1994228593,5.841958,450141356,659663
O1,95,0.065016335,345020941,1992975069,5.776389,449939940,652447
O1,96,0.066261625,353935178,1993294155,5.631806,449991872,661531
O1,97,0.063994591,340978161,1993017968,5.845002,449948982,654306
O1,98,0.066450033,353823752,1993344628,5.633722,450011165,657984
O1,99,0.064373135,342349864,1993051425,5.821680,449957234,655816
O1,100,0.063801155,341170353,1993107703,5.841972,449951413,656021
O2,1,0.071920777,387520448,1977086798,5.101890,442763075,1725192
O2,2,0.069370457,371982001,1976371758,5.313084,442627807,1727672
O2,3,0.070793805,381022969,1976921987,5.188459,442728763,1728102
O2,4,0.071968536,385221521,1976061367,5.129675,442561116,1725909
O2,5,0.068896514,370591493,1976260833,5.332720,442603355,1727100
O2,6,0.070666597,380495993,1976112260,5.193517,442570469,1723390
O2,7,0.070309752,376246466,1976834775,5.254095,442685258,1731385
O2,8,0.07168266,382873271,1976218813,5.161548,442583004,1728342
O2,9,0.071124149,379036321,1976014597,5.213259,442552348,1730085
O2,10,0.075213715,399919628,1977683904,4.945203,442825520,1731751
O2,11,0.070791525,377666284,1976390702,5.233167,442640617,1728582
O2,12,0.069564285,370978210,1976228610,5.327075,442603443,1729934
O2,13,0.07114702,378953197,1976185874,5.214855,442594534,1723646
O2,14,0.071028852,379178968,1977019554,5.213948,442739982,1729119
O2,15,0.072554208,387531386,1976211649,5.099488,442598683,1726731
O2,16,0.069760291,372383471,1976704118,5.308249,442668586,1726553
O2,17,0.0723766,385192087,1976120595,5.130221,442581463,1723533
O2,18,0.071710701,381820695,1976264642,5.175897,442601015,1730587
O2,19,0.071008902,378232357,1976462307,5.225524,442643197,1731468
O2,20,0.075482311,397240695,1976157723,4.974711,442577073,1733211
O2,21,0.073336525,389850726,1976083617,5.068821,442570911,1733104
O2,22,0.073748879,396919845,1976404371,4.979354,442637639,1730806
O2,23,0.071726012,379554223,1976836537,5.208311,442697423,1729740
O2,24,0.072790335,387349646,1977004073,5.103926,442722296,1729002
O2,25,0.071582364,384792203,1976092377,5.135479,442577226,1730003
O2,26,0.070055708,375932661,1976967394,5.258834,442721544,1728472
O2,27,0.070492101,375568905,1976115406,5.261659,442581439,1733048
O2,28,0.074679966,400842839,1976357650,4.930505,442622251,1734469
O2,29,0.072337563,388017229,1976723524,5.094422,442672918,1729102
O2,30,0.071964318,384537106,1976117208,5.138951,442582116,1731004
O2,31,0.070398043,374166146,1976796739,5.283206,442699744,1730944
O2,32,0.072080466,383969521,1976224824,5.146827,442605355,1726071
O2,33,0.07379436,393744177,1977366411,5.021957,442793678,1727959
O2,34,0.07314046,388183574,1977332948,5.093809,442823471,1732747
O2,35,0.078369518,410022268,1977125862,4.821996,442789555,1740087
O2,36,0.072843935,392442392,1976166106,5.035557,442577203,1732318
O2,37,0.070474352,379735745,1976161624,5.204044,442573526,1727619
O2,38,0.072456791,387850716,1976076039,5.094940,442562062,1731048
O2,39,0.070696909,379007465,1976262461,5.214310,442611821,1733590
O2,40,0.073931568,394057315,1976276269,5.015200,442625828,1728963
O2,41,0.072298414,385187502,1976204140,5.130499,442604522,1728038
O2,42,0.074166895,396532799,1976527795,4.984525,442663447,1728725
O2,43,0.072417692,385972972,1976175477,5.119984,442597316,1725388
O2,44,0.072033408,384703473,1976658887,5.138136,442689387,1728167
O2,45,0.071753613,381699562,1976333458,5.177720,442625042,1725167
O2,46,0.071399769,378611686,1976472372,5.220315,442652569,1730305
O2,47,0.071894781,383900929,1977226511,5.150356,442777802,1727353
O2,48,0.071166833,382976318,1976110941,5.159878,442569837,1725095
O2,49,0.069677676,374937429,1976218496,5.270795,442593128,1728160
O2,50,0.069910953,375180472,1977133349,5.269819,442740868,1729615
O2,51,0.072519041,390067207,1976188142,5.066276,442577017,1729499
O2,52,0.071628346,383563946,1976493187,5.152969,442633608,1733413
O2,53,0.069374921,373093913,1976060290,5.296415,442561517,1727933
O2,54,0.070253857,377020925,1976087356,5.241320,442575018,1727075
O2,55,0.076021336,399813420,1976396751,4.943298,442629714,1733934
O2,56,0.083883303,440259086,1976964929,4.490458,442726090,1735555
O2,57,0.072169278,387805728,1976922616,5.097714,442698904,1727244
O2,58,0.070055082,377471547,1976033931,5.234922,442551992,1727122
O2,59,0.070502164,379666267,1976159421,5.204991,442589348,1728138
O2,60,0.071541728,385389256,1976089653,5.127516,442560124,1725172
O2,61,0.071018726,380138780,1976287544,5.198858,442615525,1730766
O2,62,0.072294916,386151162,1976218210,5.117732,442596728,1731563
O2,63,0.070930217,377565828,1976040127,5.233631,442550608,1721580
O2,64,0.073028964,388413923,1977380639,5.090911,442783031,1734547
O2,65,0.071295812,383856923,1976184913,5.148233,442594682,1725713
O2,66,0.07462409,397526567,1976788534,4.972721,442681143,1732157
O2,67,0.074147247,395520221,1976905830,4.998242,442711329,1732276
O2,68,0.078719505,420115888,1976940799,4.705703,442716483,1734701
O2,69,0.070012503,373357471,1976187993,5.293018,442595142,1731023
O2,70,0.074438374,396301765,1976298750,4.986853,442617629,1730760
O2,71,0.07082194,376796911,1977491824,5.248164,442794363,1731509
O2,72,0.075106303,401503442,1976238505,4.922096,442605372,1728477
O2,73,0.071812574,383724708,1976358282,5.150459,442624830,1730244
O2,74,0.074263936,397733409,1976783906,4.970123,442688313,1731543
O2,75,0.074187768,396473226,1976166262,4.984362,442593300,1732201
O2,76,0.075423738,402906440,1976868789,4.906521,442691420,1732563
O2,77,0.076314214,403559603,1976378787,4.897365,442621350,1731468
O2,78,0.07338319,392576119,1977496454,5.037231,442781520,1731653
O2,79,0.069599189,370589768,1976171425,5.332504,442584318,1730114
O2,80,0.073077185,389574729,1976963066,5.074670,442696748,1724575
O2,81,0.071956423,379185138,1976225164,5.211769,442586962,1730490
O2,82,0.0715434,383583809,1977087523,5.154252,442747688,1724700
O2,83,0.070683453,377484089,1976088497,5.234892,442577002,1728836
O2,84,0.071316304,380999080,1976098814,5.186624,442581004,1726641
O2,85,0.072124901,383964395,1976108818,5.146594,442568075,1730469
O2,86,0.071050727,379678342,1976897542,5.206769,442707929,1728472
O2,87,0.072930578,390010674,1977227659,5.069676,442739925,1732379
O2,88,0.072981208,389815261,1976049795,5.069196,442563116,1732919
O2,89,0.070832171,378543760,1976113803,5.220305,442585854,1729723
O2,90,0.071417812,380238052,1977489498,5.200662,442788850,1730596
O2,91,0.071070577,379678478,1976424238,5.205521,442635814,1727629
O2,92,0.072121482,382198122,1977336910,5.173591,442767465,1729105
O2,93,0.074393627,395248415,1976832988,5.001495,442699107,1731267
O2,94,0.079220501,417883953,1977331536,4.731772,442790303,1736119
O2,95,0.085229756,437435048,1980344891,4.527175,443406120,1738398
O2,96,0.071549551,381102608,1976088691,5.185188,442564916,1731651
O2,97,0.070180102,373797505,1975998040,5.286279,442548918,1730294
O2,98,0.071161837,379501153,1982874029,5.224949,443887700,1727965
O2,99,0.073698677,393120763,1976967344,5.028906,442716443,1732565
O2,100,0.069755608,375508631,1976170774,5.262651,442601799,1727640
O3,1,0.072035074,384461964,1976131860,5.139993,442590288,1730133
O3,2,0.071834856,381983973,1976729581,5.174902,442673218,1730673
O3,3,0.071397214,381696332,1976254288,5.177556,442605320,1730198
O3,4,0.071223077,382486832,1976133414,5.166540,442575164,1732222
O3,5,0.071687549,381692100,1977791171,5.181640,442829516,1732015
O3,6,0.068714117,366669029,1976391507,5.390124,442623235,1729464
O3,7,0.069612262,371407051,1976144833,5.320698,442583668,1728349
O3,8,0.070712515,374523637,1976451705,5.277242,442647639,1728249
O3,9,0.069931117,372271795,1976136281,5.308316,442584829,1723833
O3,10,0.072169902,388241919,1977413460,5.093251,442833464,1728656
O3,11,0.07232412,386731816,1977090702,5.112304,442772761,1724971
O3,12,0.071597121,381713164,1977353542,5.180208,442819958,1726658
O3,13,0.071523632,380455897,1981583998,5.208446,443600022,1737348
O3,14,0.072411068,386307276,1976177470,5.115559,442591067,1728675
O3,15,0.072505277,386862143,1976395719,5.108786,442629139,1725812
O3,16,0.072689304,388394697,1976122095,5.087922,442580458,1728855
O3,17,0.070888832,377551522,1976217725,5.234299,442597765,1722805
O3,18,0.07169941,382182779,1976891412,5.172633,442705115,1728104
O3,19,0.071538593,382405179,1981732007,5.182283,443671969,1730432
O3,20,0.07043254,376143068,1976388471,5.254353,442632732,1728520
O3,21,0.071217338,377915251,1976434635,5.229836,442642874,1728489
O3,22,0.069622933,370851302,1976284238,5.329048,442607119,1724315
O3,23,0.071006861,376675808,1976544640,5.247336,442667014,1724393
O3,24,0.072264952,383599782,1976257421,5.151873,442607001,1727081
O3,25,0.071207108,382706079,1980293738,5.174451,443388036,1727949
O3,26,0.072116864,386268485,1978174801,5.121243,442984712,1731532
O3,27,0.072194894,385745548,1981886397,5.137808,443700562,1730433
O3,28,0.071951258,383544369,1976504469,5.153262,442656883,1729813
O3,29,0.071033252,377590159,1982618584,5.250716,443811698,1730916
O3,30,0.070719486,381143492,1982090833,5.200380,443740721,1727230
O3,31,0.069384088,372799527,1982929187,5.319023,443882838,1730693
O3,32,0.071290618,383295081,1980479181,5.166983,443453752,1726928
O3,33,0.07051479,379492221,1981317351,5.220970,443583670,1724099
O3,34,0.071075051,380277539,1981799712,5.211456,443685289,1732869
O3,35,0.071428205,382528456,1978574583,5.172359,443066598,1732715
O3,36,0.071377196,383661644,1978739307,5.157511,443076652,1726544
O3,37,0.071392456,378720494,1978871879,5.225151,443132945,1731167
O3,38,0.072382841,388176723,1979413905,5.099260,443224106,1730464
O3,39,0.072394062,386852985,1981204989,5.121338,443562370,1730784
O3,40,0.072143176,388084590,1977859625,5.096465,442929605,1727759
O3,41,0.072592639,387093355,1983591560,5.124323,443998557,1733881
O3,42,0.073354747,395259685,1977537101,5.003134,442865871,1730185
O3,43,0.072931543,390570179,1981422411,5.073153,443617411,1734514
O3,44,0.070520541,377478409,1980634404,5.247014,443456271,1730756
O3,45,0.073647662,395872540,1978385036,4.997530,443024030,1732930
O3,46,0.073348997,394131102,1982067510,5.028955,443709609,1735168
O3,47,0.071545665,384484451,1981620706,5.153968,443647500,1730385
O3,48,0.075411765,400433661,1980742988,4.946495,443477897,1738935
O3,49,0.072417751,387094176,1981672595,5.119355,443661802,1731734
O3,50,0.072244705,384978577,1976222090,5.133330,442595436,1722541
O3,51,0.071710533,383275568,1979936907,5.165831,443335804,1733239
O3,52,0.072449812,388378376,1980530461,5.099487,443418032,1735660
O3,53,0.077429934,407377728,1982843461,4.867334,443870040,1731592
O3,54,0.074790135,395884774,1977147133,4.994249,442766127,1730799
O3,55,0.07188271,382625552,1978642147,5.171223,443082653,1725602
O3,56,0.071540067,382546424,1980490123,5.177124,443423552,1730825
O3,57,0.071277071,383681749,1983180393,5.168816,443949840,1728445
O3,58,0.072727878,389016749,1980892142,5.092048,443492663,1739889
O3,59,0.073037183,387410714,1976958248,5.103004,442748847,1727256
O3,60,0.071985119,386581771,1981931661,5.126811,443696568,1732031
O3,61,0.07382472,397156836,1981476905,4.989155,443642995,1729090
O3,62,0.075306248,402029164,1979831847,4.924598,443319918,1727412
O3,63,0.073199461,391252194,1981880062,5.065480,443689142,1731961
O3,64,0.073195602,390420805,1976553787,5.062624,442665088,1731215
O3,65,0.073353229,390767783,1979397703,5.065407,443195114,1724126
O3,66,0.072942594,389637391,1976916477,5.073734,442741978,1727668
O3,67,0.070290307,374842848,1982870379,5.289871,443887116,1728168
O3,68,0.077022582,410712026,1982654002,4.827358,443825644,1736714
O3,69,0.070871267,381654454,1982610198,5.194778,443838275,1733663
O3,70,0.072773638,391698078,1976286839,5.045434,442628240,1723255
O3,71,0.070081749,377375406,1979667506,5.245884,443285456,1728858
O3,72,0.070601771,380099295,1978282691,5.204647,443002509,1729565
O3,73,0.070904777,381517822,1979897741,5.189529,443277601,1733404
O3,74,0.070353116,378803953,1976350518,5.217344,442622436,1731635
O3,75,0.069018067,371939019,1976173939,5.313167,442606302,1725224
O3,76,0.069570439,370848941,1976043370,5.328432,442563058,1726531
O3,77,0.070076321,375855616,1976529992,5.258748,442655419,1728482
O3,78,0.071747515,385536287,1976112648,5.125620,442586990,1729781
O3,79,0.072188168,383595841,1976559323,5.152713,442668905,1734496
O3,80,0.07015326,376501047,1976202878,5.248864,442590643,1732531
O3,81,0.071621977,384420739,1976210749,5.140750,442600107,1734004
O3,82,0.069646127,374691590,1976130351,5.274018,442570353,1726734
O3,83,0.07141711,384202777,1976164192,5.143545,442569438,1728444
O3,84,0.070120459,377532708,1976109351,5.234273,442575575,1723291
O3,85,0.070211529,376392679,1976501609,5.251169,442648784,1727559
O3,86,0.070663682,377222639,1976332184,5.239166,442628402,1732608
O3,87,0.071742856,384540826,1976770021,5.140599,442688819,1729903
O3,88,0.071883754,387623611,1976163337,5.098150,442573042,1727346
O3,89,0.071110755,382871150,1976192639,5.161508,442580409,1725628
O3,90,0.074916417,399428168,1976692456,4.948806,442701484,1729190
O3,91,0.072522414,387445125,1976813704,5.102177,442716203,1731003
O3,92,0.075567367,402762516,1976920324,4.908402,442717045,1734046
O3,93,0.070844069,378534851,1976156652,5.220541,442588066,1731080
O3,94,0.073938311,394453105,1976213826,5.010010,442581914,1731355
O3,95,0.069962013,373374028,1976231526,5.292900,442592526,1728742
O3,96,0.071083726,377865156,1977047369,5.232151,442737349,1735461
O3,97,0.072056552,385357638,1976211381,5.128253,442598688,1730185
O3,98,0.073409511,386486933,1976706839,5.114550,442685614,1735659
O3,99,0.073966792,392968585,1976084142,5.028606,442569115,1728213
O3,100,0.072177541,384680071,1976203025,5.137264,442582866,1724687
O2np,1,0.066297641,349520257,1976156227,5.653910,442580827,660210
O2np,2,0.065911657,350942446,1976097012,5.630829,442568957,660127
O2np,3,0.065206778,347558125,1976090976,5.685642,442567319,656522
O2np,4,0.065437885,348696021,1976012726,5.666863,442554615,659529
O2np,5,0.06447031,344864273,1976201470,5.730375,442607300,657607
O2np,6,0.065402865,348635799,1976084391,5.668048,442568036,657268
O2np,7,0.06574843,349426308,1975993668,5.654965,442549637,654334
O2np,8,0.066019656,351784305,1976022984,5.617144,442561584,656964
O2np,9,0.069781698,366148500,1979941460,5.407482,443304323,668291
O2np,10,0.064762516,347912560,1976291180,5.680425,442617075,661467
O2np,11,0.065323197,348934639,1978388487,5.669797,443011927,660996
O2np,12,0.068217963,363916882,1978307357,5.436152,443016785,666377
O2np,13,0.066540849,352903512,1977841774,5.604483,442929854,665979
O2np,14,0.066134565,352782973,1976955527,5.603886,442757362,657809
O2np,15,0.064624188,344671894,1976406972,5.734169,442647715,657051
O2np,16,0.066147394,352125451,1977058001,5.614641,442751195,654092
O2np,17,0.063249689,336343566,1976238398,5.875654,442618148,653948
O2np,18,0.064374202,343255908,1976181868,5.757168,442606031,660051
O2np,19,0.064088067,341033793,1976569953,5.795818,442665355,656693
O2np,20,0.06908353,364729733,1976155139,5.418136,442596007,663050
O2np,21,0.064543429,342878709,1976122337,5.763328,442594445,658969
O2np,22,0.064918544,345747292,1976665933,5.717083,442651354,661477
O2np,23,0.064390102,338432722,1975967382,5.838583,442548160,658093
O2np,24,0.064498911,344171854,1976733703,5.743450,442664677,659814
O2np,25,0.065016873,347131436,1976053991,5.692524,442568113,656851
O2np,26,0.064993314,344759180,1976797187,5.733849,442673894,657801
O2np,27,0.065065952,347452202,1976208741,5.687714,442603742,658281
O2np,28,0.066350013,353852194,1975983430,5.584206,442541472,657362
O2np,29,0.066862805,355398358,1976122158,5.560302,442585996,661972
O2np,30,0.066525059,352767539,1975952767,5.601289,442536323,662520
O2np,31,0.070695135,368479402,1976455235,5.363815,442633517,669075
O2np,32,0.064776007,344383217,1979337022,5.747484,443173531,665093
O2np,33,0.0664568,354572190,1977137690,5.576122,442734320,660130
O2np,34,0.064826156,347521586,1982358786,5.704275,443780898,667180
O2np,35,0.067924529,361262392,1976230670,5.470347,442585895,658158
O2np,36,0.066873895,354683377,1980730049,5.584502,443459152,661309
O2np,37,0.06596186,351438874,1976795940,5.624864,442711056,661733
O2np,38,0.066879915,354307258,1975983889,5.577035,442541189,661957
O2np,39,0.075474522,397233715,1980589471,4.985955,443419165,662798
O2np,40,0.06654259,352626532,1976953204,5.606365,442742188,655702
O2np,41,0.070163435,357236892,1976631040,5.533110,442678552,659717
O2np,42,0.06462498,347444195,1977124851,5.690482,442784747,658408
O2np,43,0.071185148,379136372,1976084054,5.212067,442565371,660412
O2np,44,0.066622579,352381784,1976192584,5.608101,442605726,654708
O2np,45,0.069696551,368910751,1976468345,5.357579,442641414,659475
O2np,46,0.071946737,384527677,1976584896,5.140293,442652803,660554
O2np,47,0.06465218,346279347,1976094631,5.706649,442570912,657890
O2np,48,0.06463692,342075694,1976709561,5.778574,442687813,653423
O2np,49,0.069113602,366500591,1978808347,5.399196,443114954,658387
O2np,50,0.067604285,357438800,1978124889,5.534164,442964465,662983
O2np,51,0.066237226,349450996,1976014312,5.654625,442552138,657864
O2np,52,0.069330928,364910328,1976075210,5.415235,442561107,661702
O2np,53,0.068618879,359294551,1976963426,5.502347,442730418,664967
O2np,54,0.06919078,359545036,1975977042,5.495771,442546075,669300
O2np,55,0.068315094,357145422,1976101457,5.533044,442575521,664899
O2np,56,0.076038615,396304040,1976382732,4.987037,442617417,669948
O2np,57,0.06792223,357065540,1978117432,5.539928,442907730,666240
O2np,58,0.0685198,361531008,1976267741,5.466385,442594538,666601
O2np,59,0.071472416,375447363,1976354671,5.263999,442619339,664309
O2np,60,0.0705857,370058311,1976694140,5.341575,442659028,663659
O2np,61,0.065776664,349395732,1976119815,5.655821,442591156,659846
O2np,62,0.065591907,349545683,1976379139,5.654137,442645335,662725
O2np,63,0.065436179,347732866,1976051987,5.682672,442569060,658759
O2np,64,0.065068415,347376584,1976234179,5.689025,442610192,659151
O2np,65,0.069547045,367859014,1976031957,5.371710,442555511,660758
O2np,66,0.083906754,427706243,1976766564,4.621786,442665073,667265
O2np,67,0.066484623,349888141,1976143523,5.647929,442589398,659532
O2np,68,0.070685548,374080216,1977221770,5.285556,442767858,659764
O2np,69,0.063924383,341272358,1976129020,5.790475,442587918,659017
O2np,70,0.069079373,365552173,1976211363,5.406099,442601559,662170
O2np,71,0.07191669,380658205,1976803071,5.193118,442677877,666404
O2np,72,0.067652246,359155505,1976830691,5.504108,442712422,660664
O2np,73,0.064841799,346216446,1976183653,5.707943,442606545,656548
O2np,74,0.079058649,416532490,1977887825,4.748460,442907218,665755
O2np,75,0.067809263,363286393,1976269643,5.439977,442624393,658060
O2np,76,0.076202324,395976513,1979413396,4.998815,443176762,670933
O2np,77,0.067603587,363207779,1977081645,5.443390,442757822,662613
O2np,78,0.065765346,352073441,1976099161,5.612747,442590877,659843
O2np,79,0.068222987,364910231,1976363999,5.416028,442636383,656774
O2np,80,0.06740662,361496812,1976283860,5.466947,442621000,656315
O2np,81,0.073633554,386483037,1976133279,5.113118,442583211,665345
O2np,82,0.066238088,351585021,1976038473,5.620372,442550555,653804
O2np,83,0.066609283,353887902,1976121775,5.584033,442588139,662303
O2np,84,0.065359022,347195624,1976089364,5.691573,442581610,657981
O2np,85,0.064652463,343303675,1982591214,5.775036,443854491,653360
O2np,86,0.065341004,347445900,1982586676,5.706174,443854671,656376
O2np,87,0.066460794,350969522,1976028769,5.630200,442570703,657054
O2np,88,0.068257927,362308603,1979903262,5.464687,443323693,659549
O2np,89,0.065445311,350337313,1977688171,5.645097,442904506,657853
O2np,90,0.064628635,345473696,1976101516,5.719977,442589038,656494
O2np,91,0.064570294,345543242,1976627603,5.720348,442695098,655279
O2np,92,0.064394368,344996172,1976379709,5.728700,442649224,656777
O2np,93,0.065554851,350087657,1976074469,5.644513,442574405,660140
O2np,94,0.064431136,345778613,1976422176,5.715860,442644783,656545
O2np,95,0.065029778,347349773,1976188438,5.689333,442598230,658792
O2np,96,0.064773763,347556443,1975968421,5.685317,442539158,653410
O2np,97,0.068908658,366202346,1976214562,5.396510,442601459,661631
O2np,98,0.067047067,352144616,1976363248,5.612363,442629101,660762
O2np,99,0.068248079,363473704,1978857321,5.444293,443101905,662315
O2np,100,0.062345989,334492224,1976084194,5.907713,442581845,654229
